{"discriminator_loss": [0.37477704882621765, 0.526623010635376, 0.43101638555526733, 0.5474091172218323, 0.4133857786655426, 0.5328017473220825, 0.41426053643226624, 0.5199919939041138, 0.412568598985672, 0.5337909460067749, 0.42977792024612427, 0.5709084272384644, 0.45590677857398987, 0.5925261974334717, 0.47134578227996826, 0.6237714886665344, 0.4879190921783447, 0.6319351196289062, 0.4979330003261566, 0.64626145362854, 0.5150680541992188, 0.670167863368988, 0.5277709364891052, 0.6876735091209412, 0.5316574573516846, 0.7193953394889832, 0.5420452356338501, 0.7119876146316528, 0.5402162671089172, 0.7067316174507141, 0.5444977283477783, 0.7422940135002136, 0.5530617833137512, 0.7405388355255127, 0.5469963550567627, 0.7381952404975891, 0.5469766855239868, 0.7325643301010132, 0.550591766834259, 0.7399448156356812, 0.5563412308692932, 0.7256757020950317, 0.5580655932426453, 0.7375869154930115, 0.5554957389831543, 0.7397085428237915, 0.5610509514808655, 0.729406476020813, 0.5508174896240234, 0.7208749055862427, 0.5543901920318604, 0.7219797372817993, 0.5544257164001465, 0.7270683646202087, 0.557619035243988, 0.7106978893280029, 0.5523613095283508, 0.7308183312416077, 0.5531929135322571, 0.727236807346344, 0.5583527088165283, 0.7153316736221313, 0.5518612861633301, 0.713915228843689, 0.5587500929832458, 0.7233349680900574, 0.558165967464447, 0.7165032625198364, 0.5535174608230591, 0.7227702140808105, 0.5464891791343689, 0.7254613041877747, 0.5554456114768982, 0.7086401581764221, 0.5504074096679688, 0.7146763205528259, 0.5573275089263916, 0.7156557440757751, 0.5633931756019592, 0.7212029695510864, 0.5532553195953369, 0.7179401516914368, 0.5470684170722961, 0.7004614472389221, 0.5549484491348267, 0.706933319568634, 0.5484750270843506, 0.7009416818618774, 0.552099347114563, 0.7063765525817871, 0.5518743395805359, 0.6990042328834534, 0.5506882071495056, 0.7016568183898926, 0.5460572242736816, 0.7052562236785889, 0.5521149635314941, 0.694878876209259, 0.5486339926719666, 0.6976965665817261], "discriminator_accuracy": [0.5016396045684814, 0.49346524477005005, 0.49999693036079407, 0.49090853333473206, 0.4995725154876709, 0.49276861548423767, 0.49996817111968994, 0.4953675866127014, 0.49986332654953003, 0.4950268566608429, 0.501443088054657, 0.49634748697280884, 0.5049878358840942, 0.4956585168838501, 0.5082442760467529, 0.49524185061454773, 0.5114615559577942, 0.49519190192222595, 0.5136386752128601, 0.495881050825119, 0.5177257061004639, 0.4962293803691864, 0.520235538482666, 0.49585211277008057, 0.5222840905189514, 0.496818870306015, 0.5233033895492554, 0.49647316336631775, 0.5237506628036499, 0.49671098589897156, 0.5244902968406677, 0.49808940291404724, 0.5264288187026978, 0.49653592705726624, 0.5254543423652649, 0.49731138348579407, 0.5248937606811523, 0.4972432851791382, 0.5261561274528503, 0.4980342984199524, 0.5280820727348328, 0.4973560869693756, 0.5269582867622375, 0.497927188873291, 0.5265806317329407, 0.49773845076560974, 0.5280247926712036, 0.49871593713760376, 0.5259624123573303, 0.49887311458587646, 0.5272595286369324, 0.498723566532135, 0.527741551399231, 0.49873653054237366, 0.5273171067237854, 0.4989986717700958, 0.527259349822998, 0.49809470772743225, 0.5269582867622375, 0.49833837151527405, 0.52850341796875, 0.4988442361354828, 0.5263554453849792, 0.498938649892807, 0.5283886194229126, 0.4991060197353363, 0.5283675193786621, 0.499103307723999, 0.5274214148521423, 0.4992290437221527, 0.5265600085258484, 0.5003740191459656, 0.5287133455276489, 0.5001826882362366, 0.5267380475997925, 0.4994547367095947, 0.5280870199203491, 0.5001175999641418, 0.5300602316856384, 0.5001803040504456, 0.5270527601242065, 0.5002379417419434, 0.5261432528495789, 0.500248372554779, 0.52740877866745, 0.5002561807632446, 0.5262242555618286, 0.5004106163978577, 0.5271413922309875, 0.4999657869338989, 0.5287606120109558, 0.4996878504753113, 0.5274845957756042, 0.4997638165950775, 0.5254959464073181, 0.4994962811470032, 0.526858389377594, 0.4997975826263428, 0.5263158679008484, 0.5005258917808533], "generator_loss": [2.8853845596313477, 2.851224422454834, 2.673149824142456, 2.8028318881988525, 2.7071757316589355, 2.8461055755615234, 2.753835678100586, 2.877751350402832, 2.74434757232666, 2.8880934715270996, 2.700453758239746, 2.833110809326172, 2.6061487197875977, 2.7357115745544434, 2.56657338142395, 2.666518449783325, 2.4816675186157227, 2.605502128601074, 2.459893226623535, 2.5722358226776123, 2.4070215225219727, 2.520404577255249, 2.346146821975708, 2.486445426940918, 2.3348963260650635, 2.39731502532959, 2.2961254119873047, 2.4164655208587646, 2.2913010120391846, 2.4178149700164795, 2.301802396774292, 2.3238513469696045, 2.260646343231201, 2.311737060546875, 2.2822184562683105, 2.332158327102661, 2.274860382080078, 2.3293697834014893, 2.2802815437316895, 2.3226795196533203, 2.2590012550354004, 2.35420823097229, 2.233167886734009, 2.333315849304199, 2.2440624237060547, 2.3089420795440674, 2.2389655113220215, 2.332584857940674, 2.275238275527954, 2.3390567302703857, 2.2722737789154053, 2.337641477584839, 2.257636070251465, 2.339082717895508, 2.2371366024017334, 2.380378484725952, 2.2887401580810547, 2.336146831512451, 2.2716822624206543, 2.339988946914673, 2.2684707641601562, 2.3559112548828125, 2.2812135219573975, 2.373246908187866, 2.260549306869507, 2.3312904834747314, 2.261357307434082, 2.3485071659088135, 2.2852683067321777, 2.3277158737182617, 2.318264961242676, 2.335970878601074, 2.2775802612304688, 2.3758435249328613, 2.30253005027771, 2.362978219985962, 2.2895853519439697, 2.376777410507202, 2.251887083053589, 2.3397164344787598, 2.285041332244873, 2.3425543308258057, 2.3207008838653564, 2.3891797065734863, 2.2986979484558105, 2.3808929920196533, 2.333667516708374, 2.3907437324523926, 2.3055825233459473, 2.39941143989563, 2.310121774673462, 2.3982489109039307, 2.311244487762451, 2.3847391605377197, 2.3334414958953857, 2.385112762451172, 2.31284236907959, 2.415489435195923, 2.3326010704040527, 2.4193615913391113], "generator_accuracy": [0.004825592041015625, 0.0140838623046875, 0.01108551025390625, 0.0184326171875, 0.0052490234375, 0.0155181884765625, 0.005641937255859375, 0.0141754150390625, 0.005107879638671875, 0.018646240234375, 0.0114288330078125, 0.032135009765625, 0.0251922607421875, 0.040496826171875, 0.034698486328125, 0.051177978515625, 0.04522705078125, 0.054779052734375, 0.051910400390625, 0.061737060546875, 0.06439208984375, 0.0701904296875, 0.072509765625, 0.0772705078125, 0.0762939453125, 0.08929443359375, 0.08343505859375, 0.08734130859375, 0.08111572265625, 0.085205078125, 0.08447265625, 0.100830078125, 0.09051513671875, 0.0977783203125, 0.0875244140625, 0.097900390625, 0.08642578125, 0.09564208984375, 0.0897216796875, 0.09857177734375, 0.09423828125, 0.09344482421875, 0.09368896484375, 0.099609375, 0.092041015625, 0.0999755859375, 0.0960693359375, 0.09552001953125, 0.08953857421875, 0.0926513671875, 0.09307861328125, 0.09332275390625, 0.0931396484375, 0.095703125, 0.09381103515625, 0.09014892578125, 0.09161376953125, 0.09576416015625, 0.091064453125, 0.09521484375, 0.095458984375, 0.091552734375, 0.0899658203125, 0.08978271484375, 0.09576416015625, 0.09521484375, 0.094482421875, 0.091552734375, 0.09173583984375, 0.0946044921875, 0.0875244140625, 0.096435546875, 0.09417724609375, 0.09014892578125, 0.09027099609375, 0.09185791015625, 0.09521484375, 0.09222412109375, 0.09918212890625, 0.09429931640625, 0.09228515625, 0.0943603515625, 0.08782958984375, 0.0870361328125, 0.093017578125, 0.089111328125, 0.08880615234375, 0.08709716796875, 0.09051513671875, 0.08868408203125, 0.09368896484375, 0.08624267578125, 0.09075927734375, 0.0872802734375, 0.086669921875, 0.08819580078125, 0.0914306640625, 0.083740234375, 0.088623046875, 0.08624267578125],