{"discriminator_loss": [0.4528297781944275, 0.44558975100517273, 0.45958197116851807, 0.46187838912010193, 0.4667004942893982, 0.45855334401130676, 0.4549873173236847, 0.45995259284973145, 0.4641130864620209, 0.4660813510417938, 0.47207972407341003, 0.4850023090839386, 0.4930128753185272, 0.5068238973617554, 0.5248234868049622, 0.5459729433059692, 0.5456128716468811, 0.54848313331604, 0.5416022539138794, 0.538526713848114, 0.5395166277885437, 0.5450624823570251, 0.5392521619796753, 0.5439093112945557, 0.5314369201660156, 0.5375422835350037, 0.5394564867019653, 0.5331759452819824, 0.5323545336723328, 0.5439438223838806, 0.5322651267051697, 0.5400632619857788, 0.5260079503059387, 0.5474501252174377, 0.5508615374565125, 0.5407626032829285, 0.5465673804283142, 0.5440946221351624, 0.5490165948867798, 0.5530938506126404, 0.5381989479064941, 0.548739492893219, 0.556877851486206, 0.5546616911888123, 0.5456008911132812, 0.5605303049087524, 0.5595946907997131, 0.547179102897644, 0.5516296029090881, 0.5477302670478821, 0.5573242902755737, 0.5535173416137695, 0.5470725297927856, 0.545989453792572, 0.5453697443008423, 0.5639788508415222, 0.5499039888381958, 0.5440471172332764, 0.5381975173950195, 0.55683833360672, 0.5527492165565491, 0.5471493601799011, 0.5537214279174805, 0.5547385811805725, 0.553512454032898, 0.5545278787612915, 0.5519914031028748, 0.5535049438476562, 0.5434118509292603, 0.551003634929657, 0.5570420622825623, 0.554003894329071, 0.5469456315040588, 0.5573596358299255, 0.5448947548866272, 0.554677426815033, 0.5516296029090881, 0.559501051902771, 0.5470108985900879, 0.555355966091156, 0.5500908493995667, 0.5534319281578064, 0.5566970109939575, 0.5611907243728638, 0.5476675033569336, 0.5551859736442566, 0.554487943649292, 0.5592726469039917, 0.5580822825431824, 0.5599822402000427, 0.5536119341850281, 0.5639667510986328, 0.5437518954277039, 0.5606611967086792, 0.5522944927215576, 0.5532849431037903, 0.5492952466011047, 0.5563164949417114, 0.5439960360527039, 0.5548725724220276], "discriminator_accuracy": [0.6644055843353271, 0.4975683093070984, 0.661743700504303, 0.49635791778564453, 0.6614810824394226, 0.4972696304321289, 0.6636143922805786, 0.4977805018424988, 0.663043200969696, 0.4976678192615509, 0.6625977754592896, 0.49739018082618713, 0.6600565314292908, 0.4971124231815338, 0.656182587146759, 0.4963526129722595, 0.6527791619300842, 0.4957892596721649, 0.6543577313423157, 0.49663046002388, 0.6553511619567871, 0.49790626764297485, 0.6565665006637573, 0.49823635816574097, 0.6570967435836792, 0.4977807104587555, 0.6563830971717834, 0.49781981110572815, 0.6570960283279419, 0.4985453486442566, 0.6580333113670349, 0.49871060252189636, 0.6580437421798706, 0.4984276592731476, 0.6544674634933472, 0.4990902245044708, 0.6565189957618713, 0.4984014332294464, 0.6554402709007263, 0.4984484910964966, 0.6573978662490845, 0.4984067380428314, 0.6550360918045044, 0.4988022744655609, 0.656815230846405, 0.4992293417453766, 0.6536843180656433, 0.4979454576969147, 0.6554280519485474, 0.49903011322021484, 0.6550263166427612, 0.49970880150794983, 0.6567411422729492, 0.49857690930366516, 0.6570730209350586, 0.49836212396621704, 0.6559258103370667, 0.4988284111022949, 0.6576654314994812, 0.49895691871643066, 0.6560791730880737, 0.4988546371459961, 0.6552621126174927, 0.49967172741889954, 0.6551685333251953, 0.49892547726631165, 0.6563317775726318, 0.49917423725128174, 0.6572312116622925, 0.4986477494239807, 0.6548726558685303, 0.4993366301059723, 0.6561909914016724, 0.4992581307888031, 0.6566545367240906, 0.4998502731323242, 0.656281054019928, 0.4995461702346802, 0.6566820740699768, 0.4997611343860626, 0.6563698053359985, 0.4994388818740845, 0.6556952595710754, 0.500036358833313, 0.6572937369346619, 0.500534176826477, 0.6562443971633911, 0.49917951226234436, 0.6560057997703552, 0.5000466704368591, 0.6563719511032104, 0.5001381039619446, 0.6578047871589661, 0.49982401728630066, 0.6564927697181702, 0.49981096386909485, 0.6571397185325623, 0.5002380013465881, 0.6578198671340942, 0.5000205039978027], "generator_loss": [2.8009397983551025, 2.854255199432373, 2.8323473930358887, 2.8319778442382812, 2.8539552688598633, 2.8552186489105225, 2.8647000789642334, 2.8653578758239746, 2.8745462894439697, 2.8682522773742676, 2.8787899017333984, 2.868161916732788, 2.8430540561676025, 2.82287335395813, 2.7858469486236572, 2.762415647506714, 2.718522548675537, 2.7295870780944824, 2.746521234512329, 2.757395029067993, 2.7702012062072754, 2.7743284702301025, 2.7885687351226807, 2.783731698989868, 2.8029205799102783, 2.8000433444976807, 2.7996110916137695, 2.8021788597106934, 2.8294875621795654, 2.795383930206299, 2.8112401962280273, 2.8152318000793457, 2.811171293258667, 2.803067207336426, 2.790257692337036, 2.810056686401367, 2.799105167388916, 2.7925102710723877, 2.7876410484313965, 2.785064220428467, 2.8073480129241943, 2.8047666549682617, 2.7833333015441895, 2.7778096199035645, 2.7887721061706543, 2.7794301509857178, 2.770878791809082, 2.786360263824463, 2.7988667488098145, 2.7909862995147705, 2.803529739379883, 2.7890448570251465, 2.7943813800811768, 2.7894747257232666, 2.8056788444519043, 2.777588367462158, 2.7906997203826904, 2.8069334030151367, 2.8227407932281494, 2.7808873653411865, 2.7978780269622803, 2.808823585510254, 2.7820019721984863, 2.7944092750549316, 2.796405792236328, 2.7720930576324463, 2.7906153202056885, 2.7917661666870117, 2.806452751159668, 2.791368246078491, 2.783862829208374, 2.7926814556121826, 2.8052332401275635, 2.789205551147461, 2.802610158920288, 2.7958879470825195, 2.792757987976074, 2.7776546478271484, 2.7949445247650146, 2.8001718521118164, 2.8078715801239014, 2.794795513153076, 2.778879404067993, 2.803234100341797, 2.800785541534424, 2.7855894565582275, 2.7895896434783936, 2.793858289718628, 2.787832021713257, 2.7792904376983643, 2.79681658744812, 2.781057834625244, 2.815739870071411, 2.792152166366577, 2.7960891723632812, 2.808234214782715, 2.8101017475128174, 2.8060710430145264, 2.819652795791626, 2.8087425231933594], "generator_accuracy": [0.00601959228515625, 0.0005345344543457031, 0.000911712646484375, 0.0009899139404296875, 0.001430511474609375, 0.000911712646484375, 0.0007543563842773438, 0.0011949539184570312, 0.0016660690307617188, 0.0019330978393554688, 0.0029544830322265625, 0.00592803955078125, 0.007183074951171875, 0.01141357421875, 0.0175323486328125, 0.0236358642578125, 0.0230712890625, 0.024627685546875, 0.0222320556640625, 0.022003173828125, 0.0225372314453125, 0.0257568359375, 0.02410888671875, 0.0260009765625, 0.020751953125, 0.0230560302734375, 0.02447509765625, 0.0213165283203125, 0.0213470458984375, 0.0255889892578125, 0.021881103515625, 0.0247039794921875, 0.019317626953125, 0.026641845703125, 0.0273590087890625, 0.0252685546875, 0.0275115966796875, 0.026336669921875, 0.0272674560546875, 0.0287322998046875, 0.0245819091796875, 0.027496337890625, 0.030670166015625, 0.0301666259765625, 0.0271759033203125, 0.0323486328125, 0.03057861328125, 0.0263824462890625, 0.0290374755859375, 0.02728271484375, 0.03082275390625, 0.029998779296875, 0.0272979736328125, 0.0266571044921875, 0.027008056640625, 0.032958984375, 0.0284576416015625, 0.0256805419921875, 0.024169921875, 0.031402587890625, 0.02984619140625, 0.0273284912109375, 0.029296875, 0.030548095703125, 0.0289459228515625, 0.02984619140625, 0.0298614501953125, 0.0298309326171875, 0.02679443359375, 0.0282745361328125, 0.030792236328125, 0.0299224853515625, 0.02740478515625, 0.0312347412109375, 0.026580810546875, 0.03118896484375, 0.029876708984375, 0.03228759765625, 0.027923583984375, 0.030914306640625, 0.0295562744140625, 0.02960205078125, 0.03204345703125, 0.033660888671875, 0.028839111328125, 0.031982421875, 0.0302276611328125, 0.032318115234375, 0.032958984375, 0.03314208984375, 0.030731201171875, 0.03485107421875, 0.0267333984375, 0.032989501953125, 0.0301666259765625, 0.030853271484375, 0.029266357421875, 0.0322265625, 0.02716064453125, 0.03094482421875],