{"discriminator_loss": [0.5059539675712585, 0.4609960615634918, 0.4606802463531494, 0.4637604057788849, 0.4725417196750641, 0.4616096019744873, 0.46081021428108215, 0.45297956466674805, 0.45113226771354675, 0.44675764441490173, 0.44616934657096863, 0.4425019919872284, 0.43896785378456116, 0.4456998407840729, 0.44482606649398804, 0.448472261428833, 0.44890958070755005, 0.4502713680267334, 0.4501344859600067, 0.45161470770835876, 0.45167508721351624, 0.4535164535045624, 0.4516715109348297, 0.4555952548980713, 0.45641443133354187, 0.4570486843585968, 0.4618910849094391, 0.469169020652771, 0.46402111649513245, 0.46502912044525146, 0.47155267000198364, 0.4669066071510315, 0.47047075629234314, 0.46880626678466797, 0.46495336294174194, 0.469428688287735, 0.47541511058807373, 0.4719959795475006, 0.47144272923469543, 0.4780586063861847, 0.47360658645629883, 0.471365362405777, 0.47035619616508484, 0.47229889035224915, 0.47036537528038025, 0.47831419110298157, 0.46771350502967834, 0.47294294834136963, 0.4694153070449829, 0.46732452511787415, 0.46828943490982056, 0.4767090678215027, 0.4619491994380951, 0.4705037474632263, 0.46880045533180237, 0.46760469675064087, 0.4680127203464508, 0.47125187516212463, 0.4668903648853302, 0.46974295377731323, 0.46500518918037415, 0.4713003933429718, 0.46831899881362915, 0.47971832752227783, 0.46859851479530334, 0.474608838558197, 0.46469828486442566, 0.4747456908226013, 0.47454968094825745, 0.4780519902706146, 0.47687581181526184, 0.47388094663619995, 0.4746239483356476, 0.4815307855606079, 0.4728015959262848, 0.48371708393096924, 0.4791434109210968, 0.486151784658432, 0.4746948778629303, 0.48582884669303894, 0.47543609142303467, 0.4820480942726135, 0.477791965007782, 0.48779240250587463, 0.4847414493560791, 0.49204421043395996, 0.4832777976989746, 0.49566707015037537, 0.4919034540653229, 0.4960436522960663, 0.49025610089302063, 0.4966840445995331, 0.491288423538208, 0.495172381401062, 0.4894319772720337, 0.49746614694595337, 0.4983448088169098, 0.5050534605979919, 0.49251607060432434, 0.5022780895233154], "discriminator_accuracy": [0.6552149653434753, 0.49646008014678955, 0.6611097455024719, 0.49630555510520935, 0.6603132486343384, 0.4969945549964905, 0.6627498269081116, 0.49832281470298767, 0.6644631624221802, 0.49896731972694397, 0.6652229428291321, 0.49923455715179443, 0.6657730937004089, 0.4990432560443878, 0.6654902100563049, 0.4991402328014374, 0.6654011011123657, 0.4992109537124634, 0.6652124524116516, 0.49917951226234436, 0.665243923664093, 0.49930527806282043, 0.6656526327133179, 0.4995017647743225, 0.6654011011123657, 0.49923190474510193, 0.6649295091629028, 0.499030202627182, 0.6646884679794312, 0.49943625926971436, 0.6640335321426392, 0.4992292523384094, 0.6643576622009277, 0.49902501702308655, 0.664751410484314, 0.4995175004005432, 0.663802981376648, 0.49917951226234436, 0.6641120910644531, 0.49968254566192627, 0.6645665764808655, 0.49930262565612793, 0.6646838784217834, 0.4994126856327057, 0.6646937131881714, 0.49937859177589417, 0.6649407148361206, 0.4994546175003052, 0.6646098494529724, 0.49949657917022705, 0.6643950343132019, 0.49950963258743286, 0.6651121973991394, 0.49939173460006714, 0.6646832823753357, 0.4993523359298706, 0.6647828221321106, 0.49949389696121216, 0.664646565914154, 0.49960917234420776, 0.6645844578742981, 0.499755859375, 0.6648509502410889, 0.4996904134750366, 0.6646098494529724, 0.4994940459728241, 0.6651639342308044, 0.4994310438632965, 0.6639489531517029, 0.4994546175003052, 0.6643126606941223, 0.49952006340026855, 0.6643478870391846, 0.4996746778488159, 0.6644572615623474, 0.49958303570747375, 0.6642850041389465, 0.499755859375, 0.6645253896713257, 0.4998161494731903, 0.6643217206001282, 0.4993079602718353, 0.6642542481422424, 0.4994649291038513, 0.6637138724327087, 0.49940747022628784, 0.663698136806488, 0.49936550855636597, 0.6629541516304016, 0.49981874227523804, 0.662838876247406, 0.49912187457084656, 0.6627333760261536, 0.5000624656677246, 0.6629226207733154, 0.4992581307888031, 0.6621741056442261, 0.4993288516998291, 0.6623044013977051, 0.4995725154876709], "generator_loss": [2.9467568397521973, 2.9052610397338867, 2.8634045124053955, 2.8753464221954346, 2.9115612506866455, 2.897310733795166, 2.904926061630249, 2.8990976810455322, 2.8956356048583984, 2.887061357498169, 2.904938220977783, 2.9095053672790527, 2.8882086277008057, 2.903921604156494, 2.8976526260375977, 2.9007790088653564, 2.9138636589050293, 2.91584849357605, 2.9130642414093018, 2.9270427227020264, 2.9254977703094482, 2.9389452934265137, 2.932903528213501, 2.9471004009246826, 2.9424617290496826, 2.937901735305786, 2.943851947784424, 2.946284055709839, 2.9428040981292725, 2.951097011566162, 2.9385368824005127, 2.9397528171539307, 2.9454524517059326, 2.9448673725128174, 2.936232566833496, 2.9522082805633545, 2.9545233249664307, 2.946338415145874, 2.9425694942474365, 2.942708969116211, 2.9518744945526123, 2.9427309036254883, 2.9541170597076416, 2.953610897064209, 2.946967363357544, 2.9560418128967285, 2.941598892211914, 2.9608168601989746, 2.950373888015747, 2.953592300415039, 2.952009916305542, 2.9607248306274414, 2.9515128135681152, 2.9609038829803467, 2.9591526985168457, 2.9549622535705566, 2.9576547145843506, 2.9601125717163086, 2.94968581199646, 2.9585139751434326, 2.9440741539001465, 2.9604616165161133, 2.9492197036743164, 2.9606924057006836, 2.947580099105835, 2.9635214805603027, 2.9457130432128906, 2.96915864944458, 2.941622495651245, 2.9607036113739014, 2.957517147064209, 2.956033945083618, 2.960259437561035, 2.961958646774292, 2.9404819011688232, 2.9669864177703857, 2.9398581981658936, 2.9595508575439453, 2.9555678367614746, 2.9608848094940186, 2.9519126415252686, 2.9565412998199463, 2.9460532665252686, 2.956789493560791, 2.949259042739868, 2.9491126537323, 2.959383726119995, 2.946078300476074, 2.9395911693573, 2.9426400661468506, 2.950695276260376, 2.9519107341766357, 2.9369871616363525, 2.9589619636535645, 2.931600332260132, 2.9513192176818848, 2.940416097640991, 2.9444146156311035, 2.934532403945923, 2.9487650394439697],